GO.ID	Term	Annotated	Significant	Expected	Fisher	Genes
GO:0000350	generation of catalytic spliceosome for second transesterification step	2	2	0.04	0.00038	LOC_00014214;LOC_00014217
GO:0006777	Mo-molybdopterin cofactor biosynthetic process	7	2	0.14	0.00749	LOC_00014480;LOC_00014481
GO:0006779	porphyrin-containing compound biosynthetic process	11	2	0.22	0.01947	LOC_00014278;LOC_00014436
GO:0006351	DNA-templated transcription	601	17	11.76	0.02099	LOC_00014212;LOC_00014221;LOC_00014222;LOC_00014276;LOC_00014277;LOC_00014284;LOC_00014303;LOC_00014361;LOC_00014375;LOC_00014388;LOC_00014405;LOC_00014434;LOC_00014448;LOC_00014455;LOC_00014471;LOC_00014529;LOC_00014540
GO:0030516	regulation of axon extension	4	2	0.08	0.03852	LOC_00014225;LOC_00014295
GO:0032259	methylation	167	7	3.27	0.04426	LOC_00014246;LOC_00014355;LOC_00014427;LOC_00014493;LOC_00014495;LOC_00014525;LOC_00014527
