GO.ID	Term	Annotated	Significant	Expected	Fisher	Genes
GO:0030366	molybdopterin synthase activity	2	2	0.04	0.00036	LOC_00014480;LOC_00014481
GO:0005544	calcium-dependent phospholipid binding	4	2	0.08	0.00210	LOC_00014279;LOC_00014280
GO:0008270	zinc ion binding	1062	33	20.17	0.00296	LOC_00014212;LOC_00014221;LOC_00014222;LOC_00014226;LOC_00014240;LOC_00014277;LOC_00014289;LOC_00014292;LOC_00014293;LOC_00014294;LOC_00014299;LOC_00014308;LOC_00014348;LOC_00014349;LOC_00014350;LOC_00014353;LOC_00014361;LOC_00014362;LOC_00014365;LOC_00014379;LOC_00014381;LOC_00014382;LOC_00014383;LOC_00014384;LOC_00014415;LOC_00014439;LOC_00014455;LOC_00014469;LOC_00014489;LOC_00014490;LOC_00014517;LOC_00014518;LOC_00014520
GO:0070006	metalloaminopeptidase activity	13	2	0.25	0.02439	LOC_00014273;LOC_00014320
GO:0008237	metallopeptidase activity	171	9	3.25	0.04046	LOC_00014273;LOC_00014320;LOC_00014348;LOC_00014349;LOC_00014350;LOC_00014353;LOC_00014458;LOC_00014478;LOC_00014490
